Project_Name,Environmental_Score,Social_Score,Governance_Score,Cost,ROI,ESG_Score
Solar Farm A,0.8333333333333335,0.6666666666666661,0.40000000000000036,500000,12,0.6333333333333333
Water Plant B,0.3333333333333335,0.33333333333333304,0.20000000000000018,300000,8,0.2888888888888889
Wind Turbine C,1.0,1.0,1.0,700000,15,1.0
Green Building D,0.0,0.0,0.8000000000000003,450000,10,0.2666666666666668
Electric Car E,0.5,0.5333333333333332,0.0,400000,11,0.3444444444444444
